position,company,location,tags,salary_min,salary_max,date
Paid Media Specialist Meta & Google Ads,Noventra Group,Remote,"Marketing,Paid Media,Meta Ads,Facebook Ads,Google Ads,PPC,Performance Marketing,Ecommerce,SEM,Google Analytics,Google Tag Manager,Meta Pixel,Shopify",50000,80000,2026-07-07T05:08:56+00:00
Custodian,Hospitality Newfoundland and Labrador,"St Johnâs, ","customer support,c,exec,full time",0,0,2026-07-07T04:29:41+00:00
Lifeguard,Accor,"Bardez, ","education,customer support,exec",0,0,2026-07-07T01:38:08+00:00
Dutch Speaking Customer Service Agent For Imperial Work from Home Greece,Mercier Consultancy,Remote,"consulting,work from home,customer support,c,medical,full time,non tech",0,0,2026-07-07T00:00:08+00:00
Multi Trader,B&amp;R HOME,"London, ","recruiter,non tech",0,0,2026-07-06T23:13:15+00:00
Testing Testing Test,Gold Standard,"Gold Coast, ","testing,finance,exec,part time",0,0,2026-07-06T22:58:27+00:00
Operations Supervisor Healthcare South Georgia,Belle,"Fairburn, Fairburn, Georgia, United States","hr,education,supervisor,customer support,marketing,travel,exec,ops,medical,recruiter",0,0,2026-07-06T20:44:27+00:00
Construction Inspector,AECOM,"Christ Church, ","design,education,consulting,technical,customer support,testing,marketing,travel,finance,exec,medical,engineer,recruiter,digital nomad",0,0,2026-07-06T20:15:34+00:00
AttachÃ© Juridique F H,AFE (Audit Finance Expert),"Castelnau-le-lez, ","marketing,linguistics,education,content writing,non tech,video,illustrator,finance,c",0,0,2026-07-06T19:33:59+00:00
Operator Red days,Princes Group,"Wisbech, ",ops,0,0,2026-07-06T16:39:21+00:00
Skilled Operator blue shift days,Princes Group,"Wisbech, ","recruiter,non tech,ops",0,0,2026-07-06T16:39:21+00:00
Proposal Manager,LinkedIn,"Bengaluru, Bengaluru, Karnataka, India","exec,design,saas,technical,customer support,dev,marketing,content writing,legal,sales,golang,digital nomad",0,0,2026-07-06T15:08:08+00:00
SCL Agent,Skanska Costain STRABAG Joint Venture,"London, ","ops,finance,golang,non tech,exec",0,0,2026-07-06T14:07:50+00:00
Agent,Skanska Costain STRABAG Joint Venture,"Ruislip, ","ops,finance,golang,non tech,exec",0,0,2026-07-06T14:07:29+00:00
Scrum Master,Holliday Systems Inc,"Greenville, Greenville, North Carolina, United States","customer support,infosec,technical,dev,travel,microsoft,mobile,exec,ops,telecom,engineer,linux,digital nomad,scrum,jira,education,consulting,marketing,content writing,part time",0,0,2026-07-06T12:30:37+00:00
Expression of Interest Transition of Candidate,Accenture Australia,"Melbourne, ","design,game dev,customer support,marketing,finance,scheme,ops,legal,engineer,digital nomad,recruiter",0,0,2026-07-06T10:55:14+00:00
Wireless Systems Technical Support Engineer,Intracom Telecom,"Florida, Florida, United States","customer support,infosec,technical,dev,travel,microsoft,mobile,exec,ops,telecom,engineer,linux,digital nomad",0,0,2026-07-06T10:28:03+00:00
Junior Project Manager,ASG International,"England, England, United Kingdom","project manager,exec,coordinator,customer support,admin,junior,ops,marketing,medical",0,0,2026-07-06T09:15:22+00:00
GET,Yokogawa,"Baroda, ","testing,non tech",0,0,2026-07-06T09:14:43+00:00
CRO specialist,sofatutor,Remote,"testing,marketing",60000,70000,2026-07-06T07:41:14+00:00
Pedagogy Specialist Spanish,CloudFactory,"Barcelona, Barcelona, CataluÃ±a, EspaÃ±a","marketing,linguistics,education,content writing,non tech",0,0,2026-07-06T07:29:15+00:00
Entry Level Administrative Assistant,Recruitlytic Hiring,"Ø§ÙÙØ¯ÙÙØ©, Ø§ÙÙØ¯ÙÙØ© Ø§ÙÙØ¯ÙÙØ© Ø§ÙØ³Ø¹ÙØ¯ÙØ©","virtual assistant,education,customer support,marketing,video,microsoft,exec,ops,excel",0,0,2026-07-06T06:58:37+00:00
Virtual Executive Assistant,Recruitlytic Hiring,"Alberta, Alberta, Canada","virtual assistant,education,customer support,marketing,travel,exec,ops",0,0,2026-07-06T06:47:39+00:00
File Clerk,Recruitlytic Hiring,"Hong Kong, Hong Kong, Hong Kong SAR","teaching,customer support,marketing,education,senior,non tech,jira,hr,finance,cloud,admin,exec,ops,legal",0,0,2026-07-06T06:44:28+00:00
Expression of Interest,Easygo,"Greater Sydney Area, ","design,game dev,customer support,marketing,finance,scheme,ops,legal,engineer,digital nomad",0,0,2026-07-06T00:00:31+00:00
Head of Hiring and Training South FL,7 Brew Coffee,"Tampa, Tampa, Florida, United States","education,hr,exec",0,0,2026-07-06T00:00:00+00:00
Human Resources Generalist Manager,Seasoned Recruitment,"Nashville, Nashville, Tennessee, United States","customer support,infosec,technical,dev,travel,microsoft,mobile,exec,ops,telecom,engineer,linux,digital nomad,scrum,jira,education,consulting,marketing,content writing,part time,ecommerce,full time,design,hr,payroll,medical,recruiter",0,0,2026-07-05T20:53:39+00:00
Content Creator,medicomedics,"England, England, United Kingdom","teaching,education,video,exec,content writing,stats,medical,part time",0,0,2026-07-05T19:42:16+00:00
Business Analyst,Rotaract Club of NIBM Kandy,"New York, New York, United States","analyst,sys admin,customer support,dev,scrum,exec,excel,digital nomad",0,0,2026-07-05T17:18:41+00:00
Spontaneous Application Saskatoon,Germain HÃ´tels,"Saskatoon, ",,0,0,2026-07-05T13:41:47+00:00
Innovation,Doshi Group,"Nagpur, ","customer support,exec",0,0,2026-07-05T12:34:47+00:00
Public Relations Manager,Temu,New York City Metropolitan Area,"customer support,infosec,technical,dev,travel,microsoft,mobile,exec,ops,telecom,engineer,linux,digital nomad,scrum,jira,education,consulting,marketing,content writing,part time,ecommerce,full time",0,0,2026-07-05T01:22:58+00:00
Supply Chain Analyst,DIVA,"Kitchener, Kitchener, Ontario, Canada","analyst,sys admin,customer support,travel,accounting,finance,education,assembly,exec,ops,marketing,excel,sales,medical",0,0,2026-07-05T00:00:00+00:00
Junior Front End Developer,PULSEMEDIA (MENA),"Ø§ÙØ±ÙØ§Ø¶, Ø§ÙØ±ÙØ§Ø¶ Ø§ÙØ±ÙØ§Ø¶ Ø§ÙØ³Ø¹ÙØ¯ÙØ©","front end,dev,design,react,wordpress,full stack,technical,customer support,testing,marketing,web dev,javascript,education,css,git,seo,mobile,exec,content writing,senior,junior,medical,engineer,digital nomad",0,0,2026-07-05T00:00:00+00:00
Human Resources Generalist,CoberonChronos,New York City Metropolitan Area,"design,hr,sys admin,customer support,dev,payroll,education,exec,ops,medical,recruiter,digital nomad",0,0,2026-07-04T21:10:36+00:00
Lead Data Scientist,Brigit,San Francisco,"python,education,customer support,testing,marketing,dev,finance,exec,data science,junior,stats,medical,engineer,digital nomad",0,0,2026-07-04T16:00:08+00:00
Administrative Assistant,Pickle,"Greater London, ","virtual assistant,embedded,hr,consulting,exec,customer support,dev,marketing,accounting,admin,ops,recruiter,digital nomad",0,0,2026-07-04T14:24:54+00:00
Founder Ghostwriter for a U.S. based Google Ads Agency,Paired,"Greater London, ","virtual assistant,embedded,hr,consulting,exec,customer support,dev,marketing,accounting,admin,ops,recruiter,digital nomad,writer,speech,video,ads,content writing,senior,ecommerce",0,0,2026-07-04T14:24:30+00:00
Detection Specialist,i&amp;u Studios,"Ottawa, ",,0,0,2026-07-04T13:33:54+00:00
Customer Support,Recruitlytics Hiring,"Ø§ÙÙØ¯ÙÙØ©, Ø§ÙÙØ¯ÙÙØ© Ø§ÙÙØ¯ÙÙØ© Ø§ÙØ³Ø¹ÙØ¯ÙØ©","design,vfx,designer,technical,dev,marketing,exec,medical,engineer,digital nomad,virtual assistant,education,customer support,video,microsoft,ops,excel,sys admin",0,0,2026-07-04T08:21:16+00:00
Entry Level Administrative Assistant,Recruitlytics Hiring,"Ø§ÙÙØ¯ÙÙØ©, Ø§ÙÙØ¯ÙÙØ© Ø§ÙÙØ¯ÙÙØ© Ø§ÙØ³Ø¹ÙØ¯ÙØ©","design,vfx,designer,technical,dev,marketing,exec,medical,engineer,digital nomad,virtual assistant,education,customer support,video,microsoft,ops,excel",0,0,2026-07-04T08:21:03+00:00
Administrative Data Entry File Clerk,Recruitlytics Hiring,"Alberta, Alberta, Canada","design,saas,embedded,customer support,marketing,analyst,quality assurance,finance,ops,stats,sales,sys admin,medical,engineer,backend,exec,digital nomad,data entry,jira,hr,cloud,admin,excel,legal",0,0,2026-07-04T08:07:12+00:00
File Clerk,Recruitlytics Hiring,"Hong Kong, Hong Kong, Hong Kong SAR","jira,hr,customer support,finance,cloud,admin,exec,ops,legal",0,0,2026-07-04T08:01:58+00:00
Jobs,Konkan Development Society,"South Goa, ","customer support,marketing",0,0,2026-07-04T07:58:52+00:00
çå­¦é¡¾é®ï¼ç¾æ¬é¡¾é®ï¼,InGenius Prep,"åäº¬å¸, ","teaching,customer support,marketing,education,senior,non tech",0,0,2026-07-04T02:44:30+00:00
Online Casino Game Tester,RG&amp;T Solutions,"New York, ","design,consulting,exec,customer support,testing,marketing,web dev,video,education,seo,content writing,senior,ops,sales,golang,medical,digital nomad,travel,finance,stats,engineer,shopify,speech,full time,part time,hr,c,legal,coordinator,dev,cloud,excel,sys admin,game dev",0,0,2026-07-03T23:47:10+00:00
Member of Marketing Staff,Slingshot,"New York, ","design,consulting,exec,customer support,testing,marketing,web dev,video,education,seo,content writing,senior,ops,sales,golang,medical,digital nomad,travel,finance,stats,engineer,shopify",0,0,2026-07-03T23:07:30+00:00
All Positions,Tamworth Regional Council,"Tamworth, ",,0,0,2026-07-03T22:24:17+00:00
Manager HR Business Partner,LinkedIn,"Mountain View, Mountain View, California, United States","design,consulting,exec,customer support,testing,marketing,web dev,video,education,seo,content writing,senior,ops,sales,golang,medical,digital nomad,travel,finance,stats,engineer,shopify,speech,full time,part time,hr,c,legal",0,0,2026-07-03T21:19:00+00:00
Business Analyst,Blockchain.com,"New York, New York, United States","design,consulting,exec,customer support,testing,marketing,web dev,video,education,seo,content writing,senior,ops,sales,golang,medical,digital nomad,travel,finance,stats,engineer,shopify,speech,full time,part time,hr,c,legal,coordinator,dev,cloud,excel,sys admin,game dev,english teacher,teaching,linguistics,analyst,crypto,controller,recruiter",0,0,2026-07-03T20:53:35+00:00
Assistente de Processos,Sicoob,"BrasÃ­lia, BrasÃ­lia, Distrito Federal, Brasil","dev,excel,non tech,digital nomad",0,0,2026-07-03T20:01:55+00:00
Editor Paginator,The Canadian Press,"Toronto, Toronto, Ontario, Canada","analyst,sys admin,customer support,travel,accounting,finance,education,assembly,exec,ops,marketing,excel,sales,medical,video,content writing,part time",0,0,2026-07-03T19:37:33+00:00
Special Services Associate AIRDRIE,The Home Depot Canada,"Airdrie, ",,0,0,2026-07-03T19:03:08+00:00
f,Ajax Systems,"Greater Uzhgorod Area, ","customer support,recruiter",0,0,2026-07-03T17:41:29+00:00
Business Operations Analyst,TextUs,"Denver, Denver, Colorado, United States","design,hr,sys admin,customer support,dev,payroll,education,exec,ops,medical,recruiter,digital nomad,analyst,saas,salesforce,video,finance,admin,mobile,marketing,excel,sales",0,0,2026-07-03T17:12:44+00:00
Senior Quality Engineer,Tellent,Remote,"design,graphql,hr,sys admin,technical,customer support,dev,testing,web dev,quality assurance,api,exec,senior,medical,engineer,recruiter,backend,digital nomad",200000,225000,2026-07-03T16:00:13+00:00
Buyer I,Jabil,"New Delhi, New Delhi, Delhi, India","sys admin,infosec,education,supervisor,customer support,dev,finance,exec,medical,digital nomad",0,0,2026-07-03T14:10:31+00:00
Watch Clerk,City of Campbell River,"Campbell River, ","analyst,exec,recruiter,education,customer support",0,0,2026-07-03T12:48:22+00:00
Supply Chain Director,Novaris Search,New York City Metropolitan Area,"design,consulting,exec,customer support,testing,marketing,web dev,video,education,seo,content writing,senior,ops,sales,golang,medical,digital nomad,travel,finance,stats,engineer,shopify,speech,full time,part time,hr,c,legal,coordinator,dev,cloud,excel,sys admin",0,0,2026-07-03T11:20:00+00:00
Associate Officer ARFF,Adani Airport Holdings Ltd,"Mangaluru, ","infosec,education,customer support,marketing,exec,finance,ops,medical,engineer",0,0,2026-07-03T11:06:16+00:00
Pedagogy Specialist English,CloudFactory,"Massachusetts, Massachusetts, United States","design,consulting,exec,customer support,testing,marketing,web dev,video,education,seo,content writing,senior,ops,sales,golang,medical,digital nomad,travel,finance,stats,engineer,shopify,speech,full time,part time,hr,c,legal,coordinator,dev,cloud,excel,sys admin,game dev,english teacher,teaching,linguistics",0,0,2026-07-03T10:35:51+00:00
Supply Chain Executive,Pharmanovia,"Kawasan Sekitar Kuala Lumpur, ","sys admin,education,customer support,marketing,exec,excel,medical",0,0,2026-07-03T09:35:49+00:00
Psicopedagogos para alumnos con TDAH,TUS Media,"Barcelona, Barcelona, CataluÃ±a, EspaÃ±a",,0,0,2026-07-03T09:08:50+00:00
Entry Level Administrative Assistant,ReLyticx HR,"Alberta, Alberta, Canada","hr,virtual assistant,education,customer support,marketing,video,microsoft,exec,ops,excel",0,0,2026-07-03T08:44:20+00:00
Junior Data Analyst,Numa,"Lisboa, Lisboa, Lisboa, Portugal","analyst,customer support,marketing,travel,speech,math,microsoft,exec,data science,junior,ops,excel,stats",0,0,2026-07-03T08:43:06+00:00
**NEW SITE OPENING** Utility Allrounder,Cater Care,"Adelaide, ","travel,ops,medical,full time,non tech",0,0,2026-07-03T07:01:27+00:00
Residential Real Estate Title Search Quality Control,Pippin Title,"New York, New York, New York, United States","design,consulting,exec,customer support,testing,marketing,web dev,video,education,seo,content writing,senior,ops,sales,golang,medical,digital nomad,travel,finance,stats,engineer,shopify,speech,full time,part time,hr,c,legal,coordinator,dev,cloud,excel",0,0,2026-07-03T06:29:53+00:00
Chief Executive Officer,Community HealthCare Association of the Dakotas,"Sioux Falls, ","design,consulting,exec,customer support,testing,marketing,web dev,video,education,seo,content writing,senior,ops,sales,golang,medical,digital nomad,travel,finance,stats,engineer,shopify,speech,full time",0,0,2026-07-03T06:00:00+00:00
Technician 3,"Sunbelt Rentals, Inc.","Freeport Ridge Estate, ","technical,customer support,testing,microsoft,exec,ops,education,recruiter,supervisor,marketing,medical",0,0,2026-07-03T01:37:48+00:00
Specialist Payroll,Delta Air Lines,"Montego Bay, ","technical,customer support,testing,microsoft,exec,ops,education,recruiter,supervisor,marketing,medical,sys admin,speech,video,node,mobile,payroll,hr,infosec,travel,finance",0,0,2026-07-03T00:46:16+00:00
Product Manager Solar Inverters,TMEIC Corporation Americas,Remote,"product manager,exec,design,sys admin,education,consulting,technical,marketing,travel,finance,excel,sales,engineer,ads,digital nomad",0,0,2026-07-03T00:00:04+00:00
Supervisora de OperaÃ§Ãµes e Reservas Remoto,PANROTAS,"Hellevoetsluis, ","excel,non tech",0,0,2026-07-03T00:00:00+00:00
Auxiliar financeiro,Hiflex Group,"SÃ£o Paulo, SÃ£o Paulo, Brasil","dev,excel,non tech,digital nomad,exec",0,0,2026-07-02T22:52:28+00:00
General Operative Northern Ireland,ABP Food Group,"Northern Ireland, ",,0,0,2026-07-02T22:44:58+00:00
5 Ways Be a Better Listener,Unigo,"Upottery, ",,0,0,2026-07-02T22:18:42+00:00
VP Creative,Kanahoma,"San Diego, San Diego, California, United States","design,consulting,exec,customer support,testing,marketing,web dev,video,education,seo,content writing,senior,ops,sales,golang,medical,digital nomad",0,0,2026-07-02T22:08:55+00:00
Temp HR Coordinator People Operations,Headspace,"Austin, Austin, Texas, United States","hr,education,coordinator,customer support,exec,content writing,ops,medical",0,0,2026-07-02T21:56:39+00:00
VP Paid Media,Kanahoma,"San Diego, San Diego, California, United States","design,consulting,exec,customer support,testing,marketing,web dev,video,education,seo,content writing,senior,ops,sales,golang,medical,digital nomad,travel,finance,stats,engineer,shopify,speech,full time,part time,hr,c,legal,coordinator,dev,cloud,excel,sys admin,game dev,english teacher,teaching,linguistics,analyst,crypto,controller,recruiter,project manager,infosec,adult,ecommerce",0,0,2026-07-02T21:25:54+00:00
Procurement Coordinator,CXC Upstream Ltd,"Ø¯Ø¨Ù, Ø¯Ø¨Ù Ø§ÙØ¥ÙØ§Ø±Ø§Øª Ø§ÙØ¹Ø±Ø¨ÙØ© Ø§ÙÙØªØ­Ø¯Ø©","design,vfx,designer,technical,dev,marketing,exec,medical,engineer,digital nomad,virtual assistant,education,customer support,video,microsoft,ops,excel,sys admin,coordinator,finance",0,0,2026-07-02T20:06:19+00:00
Department Supervisor,The Home Depot Canada,"Victoria, ",supervisor,0,0,2026-07-02T19:03:36+00:00
Peer Specialist Maternal Health,Canopie,"New Jersey, New Jersey, United States","design,consulting,exec,customer support,testing,marketing,web dev,video,education,seo,content writing,senior,ops,sales,golang,medical,digital nomad,travel,finance,stats,engineer,shopify,speech,full time,part time",0,0,2026-07-02T18:31:11+00:00
Business Development Executive,Fresha,"Lisboa, Lisboa, Lisboa, Portugal","design,react,consulting,technical,dev,web dev,javascript,css,html,exec,senior,junior,sys admin,engineer,digital nomad,teaching,education,customer support,copywriting,ops,travel,speech,video,finance,content writing,excel,golang,medical,saas,marketing,mobile,bus dev,sales,recruiter",0,0,2026-07-02T17:42:25+00:00
Freelance Experiential Producer,FTP Agency | Food Truck Promotions,"New York, New York, New York, United States","design,hr,sys admin,customer support,dev,payroll,education,exec,ops,medical,recruiter,digital nomad,analyst,saas,salesforce,video,finance,admin,mobile,marketing,excel,sales,travel,content writing,senior",0,0,2026-07-02T16:52:04+00:00
Un Una capoprogetto per la revisione della Classificazione Svizzera degli Interventi Chirurgici CHOP,Bundesamt fÃ¼r Statistik BFS,"Neuenburg, ",,0,0,2026-07-02T16:24:19+00:00
Asset Management Analyst Multifamily Real Estate,Bluecore Residential,"New York, New York, United States","salesforce,education,customer support,marketing,finance,microsoft,exec,excel,medical,recruiter,analyst,sys admin,dev,testing,travel,speech,accounting,senior,ops,stats,digital nomad",0,0,2026-07-02T16:00:55+00:00
Associate Account Strategist Donut Studios,New Engen,"New York, New York, New York, United States","salesforce,education,customer support,marketing,finance,microsoft,exec,excel,medical,recruiter,analyst,sys admin,dev,testing,travel,speech,accounting,senior,ops,stats,digital nomad,design,technical,seo,ads,sales,full time,hr,supervisor,saas,infosec,consulting,coordinator,strategy,video,content writing,internship",0,0,2026-07-02T15:34:29+00:00
Greenskeeper,City of Brantford,"Brantford, ","analyst,exec,recruiter",0,0,2026-07-02T15:13:07+00:00
Project Manager Donut Studios,New Engen,"New York, New York, New York, United States","design,consulting,exec,customer support,testing,marketing,web dev,video,education,seo,content writing,senior,ops,sales,golang,medical,digital nomad,travel,finance,stats,engineer,shopify,speech,full time,part time,hr,c,legal,coordinator,dev,cloud,excel,sys admin,game dev,english teacher,teaching,linguistics,analyst,crypto,controller,recruiter,project manager,infosec",0,0,2026-07-02T15:12:09+00:00
Digital Marketing Specialist,Wish You Were Here Group,"New York, New York, New York, United States","salesforce,education,customer support,marketing,finance,microsoft,exec,excel,medical,recruiter,analyst,sys admin,dev,testing,travel,speech,accounting,senior,ops,stats,digital nomad,design,technical,seo,ads,sales,full time",0,0,2026-07-02T14:26:31+00:00
Operations Supervisor Healthcare Atlanta,Belle,"Atlanta, Atlanta, Georgia, United States","salesforce,education,customer support,marketing,finance,microsoft,exec,excel,medical,recruiter,analyst,sys admin,dev,testing,travel,speech,accounting,senior,ops,stats,digital nomad,design,technical,seo,ads,sales,full time,hr,supervisor",0,0,2026-07-02T14:13:05+00:00
Facility Maintenance Technician,PriceSmart,"Montego Bay, ","infosec,technical,math,exec,ops,marketing,sys admin,engineer",0,0,2026-07-02T13:54:33+00:00
Â¡Vacante Remota AtenciÃ³n al Cliente ContrataciÃ³n RÃ¡pida,GEA PerÃº,"Lima, Lima, PerÃº",,0,0,2026-07-02T13:05:55+00:00
Docente a Tiempo Parcial para Escuela de ComunicaciÃ³n,Universidad CatÃ³lica Santo Toribio de Mogrovejo,"Chiclayo, Chiclayo, Lambayeque, PerÃº",,0,0,2026-07-02T13:04:34+00:00
Associate Analyst,Trinity Life Sciences,"Gurgaon, Gurgaon, Haryana, India","analyst,design,consulting,customer support,testing,microsoft,exec,excel,medical,digital nomad",0,0,2026-07-02T12:34:17+00:00
Senior AI Engineer Architect,Lemon.io,Remote,"dev,engineer,senior,full time,ai,architecture,python,sql",80000,190000,2026-07-02T12:25:12+00:00
Full Stack Developer first UK,Better Futures Multi Academy Trust,Remote,"dev,ruby,full stack,react native,mobile",30000,40000,2026-07-02T11:52:54+00:00
Engineer 2,Catalyst Brands India,"Bengaluru, ","project manager,exec,engineer",0,0,2026-07-02T11:44:21+00:00
Associate Accounts Payable Expert,Capgemini,"Greater Kolkata Area, ","design,vfx,designer,technical,dev,marketing,exec,medical,engineer,digital nomad,virtual assistant,education,customer support,video,microsoft,ops,excel,sys admin,coordinator,finance,senior",0,0,2026-07-02T10:54:50+00:00
Multi Skilled Operative,Tarmac,"Shoreham, ","education,customer support,speech,scheme,recruiter,non tech",0,0,2026-07-02T10:49:55+00:00
P0005148,æ·æéå¢,"ä¸æµ·å¸, ",,0,0,2026-07-02T09:57:12+00:00
